year,event
1951,Arts Act 1951 establishes the Arts Council (An Chomhairle Ealaíon) as the statutory body for developing and promoting the arts in Ireland
1973,Ireland joins the European Economic Community; Arts Council begins engaging with European cultural funding frameworks
1993,Arts Plan published — first structured multi-year strategy for arts funding and development
2003,Arts Act 2003 reconstitutes the Arts Council with an expanded mandate and updated governance framework
2009,Budget cuts reduce Arts Council funding significantly during the financial crisis; grants to artists and organisations fall sharply
2016,Culture 2025 government framework published; Arts Council aligned with national cultural strategy
2020,Covid-19 emergency funding of over €25 million disbursed to support artists and arts organisations through the pandemic
2021,Arts Council budget exceeds €130 million for the first time following significant government investment in culture
2023,Ten-year strategy 2023–2027 published, emphasising regional balance, access, and sustainable arts ecology
